Workbook

Sheet Framework defects
A1: ID | B1: Level | C1: Defect | D1: Location | E1: Status
A2: F-01 | B2: P0 | C2: Framework version hardcoded in five places; registry cross-check compared a value with itself | D2: framework-browser-use-runner.py:198, framework-browser-use-smoke.py:62, run-browser-use-bookstack-v02.mjs:39, run-stagehand-bookstack-v02.mjs:113, run-agentlab-bookstack-adapter.py:26 | E2: fixed
A3: F-02 | B3: P0 | C3: Stagehand passed ignored fallbackCount, so a locator-fallback run was recorded as completed | D3: run-stagehand-bookstack-v02.mjs:67-75,92,110 | E3: fixed
A4: F-03 | B4: P0 | C4: Stagehand adapter never asserted the observation boundary at runtime | D4: run-stagehand-bookstack-v02.mjs:1-8 | E4: fixed
A5: F-04 | B5: P1 | C5: Custom Qwen client forwarded AI-SDK tool-result parts untouched | D5: stagehand-qwen-client.mjs:32 | E5: open
A6: F-05 | B6: P1 | C6: Malformed provider responses silently coerced (fail-open) | D6: stagehand-qwen-client.mjs:78-80 | E6: open
A7: F-06 | B7: P0 | C7: Recorded model could differ from the model actually called | D7: run-browser-use-bookstack-v02.mjs, run-stagehand-bookstack-v02.mjs | E7: fixed
A8: F-07 | B8: P1 | C8: Driver default timeoutMs=15000 disagreed with manifest timeout_ms=30000 | D8: volcengine-cua-driver.mjs:195, volcengine-hybrid-driver.mjs:63 | E8: open
A9: F-08 | B9: P1 | C9: Most native runners did not set PSS_REQUIRE_FROZEN_PROFILE=1 | D9: run-bookstack-agent-pilot.mjs, run-indico-agent-pilot.mjs, juice-shop-matched-pilot.mjs and others | E9: open
A10: F-09 | B10: P1 | C10: failure-taxonomy produced 9 of the 15 declared categories | D10: failure-taxonomy.mjs vs run-records.mjs | E10: open
A11: F-10 | B11: P2 | C11: FRAMEWORK_VARIANTS ids and registry framework.id had no cross-check | D11: framework-variants.mjs vs configuration-registry.v0.2.json | E11: partly-fixed
A12: F-11 | B12: P1 | C12: provider_raw_content_persisted was prose only | D12: research/phase2-replay-audit-smoke-2026-09-09.json | E12: open
... A26: F-25 | B26: P0 | C26: The scripted comparator arm declared Playwright 1.55 while 1.62.1 was installed and locked, so every scripted run record mis-declared the browser automation version | D26: configuration-registry.v0.2.json scripted configs (both statuses) | E26: fixed

Sheet Framework environments
A1: Environment | B1: Track | C1: Framework | D1: Declared version | E1: Installed version | F1: Install status | G1: Adapter compatibility
A2: h-browser-use | B2: historical | C2: browser-use-grounded | D2: 0.13.10 | E2: 0.13.10 | F2: installed | G2: compatible
A3: l-browser-use | B3: latest | C3: browser-use-grounded | E3: 0.13.10 | F3: collapsed-to-historical | G3: not-checked
A4: h-agentlab | B4: historical | C4: agentlab-browsergym-grounded | D4: 0.4.2 | E4: 0.4.2 | F4: installed | G4: compatible
A5: l-agentlab | B5: latest | C5: agentlab-browsergym-grounded | E5: 0.4.2 | F5: collapsed-to-historical | G5: not-checked
A6: h-stagehand | B6: historical | C6: stagehand-grounded | D6: 3.0.8 | E6: 3.0.8 | F6: installed | G6: compatible
A7: l-stagehand | B7: latest | C7: stagehand-grounded | D7: 4.1.0 | E7: 4.1.0 | F7: installed | G7: incompatible
A8: h-playwright | B8: historical | C8: playwright | D8: 1.62.1 | E8: 1.62.1 | F8: installed | G8: not-checked

Sheet Ledger cells
A1: Provider | B1: Condition | C1: Run tag | D1: Arm | E1: Role | F1: Started | G1: Strict passes | H1: Failures | I1: Failure categories | J1: Source summary
A2: aliyun | B2: clean-stable | C2: canary-smoke | D2: playwright | E2: plumbing-smoke | F2: 1 | G2: 0 | H2: 1 | I2: none | J2: 2026-09-12-aliyun-qwen3-vl-flash-prestashop-clean-stable-canary-canary-smoke-pilot.json
A3: aliyun | B3: clean-stable | C3: canary-smoke | D3: visual | E3: plumbing-smoke | F3: 1 | G3: 1 | H3: 0 | I3: none | J3: 2026-09-12-aliyun-qwen3-vl-flash-prestashop-clean-stable-canary-canary-smoke-pilot.json
A4: aliyun | B4: clean-stable | C4: canary-smoke | D4: hybrid | E4: plumbing-smoke | F4: 1 | G4: 1 | H4: 0 | I4: none | J4: 2026-09-12-aliyun-qwen3-vl-flash-prestashop-clean-stable-canary-canary-smoke-pilot.json
A5: aliyun | B5: clean-stable | C5: block-smoke | D5: playwright | E5: plumbing-smoke | F5: 2 | G5: 2 | H5: 0 | I5: none | J5: 2026-09-12-aliyun-qwen3.7-flash-prestashop-clean-stable-canary-block-smoke-pilot.json
A6: aliyun | B6: clean-stable | C6: block-smoke | D6: visual | E6: plumbing-smoke | F6: 2 | G6: 2 | H6: 0 | I6: none | J6: 2026-09-12-aliyun-qwen3.7-flash-prestashop-clean-stable-canary-block-smoke-pilot.json
A7: aliyun | B7: clean-stable | C7: block-smoke | D7: hybrid | E7: plumbing-smoke | F7: 2 | G7: 2 | H7: 0 | I7: none | J7: 2026-09-12-aliyun-qwen3.7-flash-prestashop-clean-stable-canary-block-smoke-pilot.json
A8: aliyun | B8: clean-stable | C8: block-smoke2 | D8: playwright | E8: plumbing-smoke | F8: 2 | G8: 2 | H8: 0 | I8: none | J8: 2026-09-12-aliyun-qwen3.7-flash-prestashop-clean-stable-canary-block-smoke2-pilot.json
A9: aliyun | B9: clean-stable | C9: block-smoke2 | D9: visual | E9: plumbing-smoke | F9: 2 | G9: 2 | H9: 0 | I9: none | J9: 2026-09-12-aliyun-qwen3.7-flash-prestashop-clean-stable-canary-block-smoke2-pilot.json
A10: aliyun | B10: clean-stable | C10: block-smoke2 | D10: hybrid | E10: plumbing-smoke | F10: 2 | G10: 2 | H10: 0 | I10: none | J10: 2026-09-12-aliyun-qwen3.7-flash-prestashop-clean-stable-canary-block-smoke2-pilot.json
A11: aliyun | B11: clean-stable | C11: canary-r3 | D11: playwright | E11: pilot-evidence | F11: 3 | G11: 3 | H11: 0 | I11: none | J11: 2026-09-12-aliyun-qwen3.7-flash-prestashop-clean-stable-canary-canary-r3-pilot.json
A12: aliyun | B12: clean-stable | C12: canary-r3 | D12: visual | E12: pilot-evidence | F12: 3 | G12: 3 | H12: 0 | I12: none | J12: 2026-09-12-aliyun-qwen3.7-flash-prestashop-clean-stable-canary-canary-r3-pilot.json
A13: aliyun | B13: clean-stable | C13: canary-r3 | D13: hybrid | E13: pilot-evidence | F13: 3 | G13: 3 | H13: 0 | I13: none | J13: 2026-09-12-aliyun-qwen3.7-flash-prestashop-clean-stable-canary-canary-r3-pilot.json
... A52: deepseek | B52: ui-evolution | C52: evolution-r3 | D52: hybrid | E52: pilot-evidence | F52: 3 | G52: 3 | H52: 0 | I52: none | J52: 2026-09-12-deepseek-deepseek-v4-flash-vision-exp-prestashop-ui-evolution-canary-evolution-r3-pilot.json

Sheet Stratified summary
A1: Provider | B1: Condition | C1: Run tag | D1: Arm | E1: Started | F1: Strict passes | G1: Failures | H1: Strict pass rate
A2: aliyun | B2: clean-stable | C2: canary-r3 | D2: playwright | E2: =SUMIFS('Ledger cells'!$F:$F,'Ledger cells'!$A:$A,$A2,'Ledger cells'!$B:$B,$B2,'Ledger cells'!$C:$C,$C2,'Ledger cells'!$D:$D,$D2) | F2: =SUMIFS('Ledger cells'!$G:$G,'Ledger cells'!$A:$A,$A2,'Ledger cells'!$B:$B,$B2,'Ledger cells'!$C:$C,$C2,'Ledger cells'!$D:$D,$D2) | G2: =E2-F2 | H2: =IF(E2=0,"",F2/E2)
A3: aliyun | B3: clean-stable | C3: canary-r3 | D3: visual | E3: =SUMIFS('Ledger cells'!$F:$F,'Ledger cells'!$A:$A,$A3,'Ledger cells'!$B:$B,$B3,'Ledger cells'!$C:$C,$C3,'Ledger cells'!$D:$D,$D3) | F3: =SUMIFS('Ledger cells'!$G:$G,'Ledger cells'!$A:$A,$A3,'Ledger cells'!$B:$B,$B3,'Ledger cells'!$C:$C,$C3,'Ledger cells'!$D:$D,$D3) | G3: =E3-F3 | H3: =IF(E3=0,"",F3/E3)
A4: aliyun | B4: clean-stable | C4: canary-r3 | D4: hybrid | E4: =SUMIFS('Ledger cells'!$F:$F,'Ledger cells'!$A:$A,$A4,'Ledger cells'!$B:$B,$B4,'Ledger cells'!$C:$C,$C4,'Ledger cells'!$D:$D,$D4) | F4: =SUMIFS('Ledger cells'!$G:$G,'Ledger cells'!$A:$A,$A4,'Ledger cells'!$B:$B,$B4,'Ledger cells'!$C:$C,$C4,'Ledger cells'!$D:$D,$D4) | G4: =E4-F4 | H4: =IF(E4=0,"",F4/E4)
A5: aliyun | B5: clean-stable | C5: scaleup-r100 | D5: playwright | E5: =SUMIFS('Ledger cells'!$F:$F,'Ledger cells'!$A:$A,$A5,'Ledger cells'!$B:$B,$B5,'Ledger cells'!$C:$C,$C5,'Ledger cells'!$D:$D,$D5) | F5: =SUMIFS('Ledger cells'!$G:$G,'Ledger cells'!$A:$A,$A5,'Ledger cells'!$B:$B,$B5,'Ledger cells'!$C:$C,$C5,'Ledger cells'!$D:$D,$D5) | G5: =E5-F5 | H5: =IF(E5=0,"",F5/E5)
A6: aliyun | B6: clean-stable | C6: scaleup-r100 | D6: visual | E6: =SUMIFS('Ledger cells'!$F:$F,'Ledger cells'!$A:$A,$A6,'Ledger cells'!$B:$B,$B6,'Ledger cells'!$C:$C,$C6,'Ledger cells'!$D:$D,$D6) | F6: =SUMIFS('Ledger cells'!$G:$G,'Ledger cells'!$A:$A,$A6,'Ledger cells'!$B:$B,$B6,'Ledger cells'!$C:$C,$C6,'Ledger cells'!$D:$D,$D6) | G6: =E6-F6 | H6: =IF(E6=0,"",F6/E6)
A7: aliyun | B7: clean-stable | C7: scaleup-r100 | D7: hybrid | E7: =SUMIFS('Ledger cells'!$F:$F,'Ledger cells'!$A:$A,$A7,'Ledger cells'!$B:$B,$B7,'Ledger cells'!$C:$C,$C7,'Ledger cells'!$D:$D,$D7) | F7: =SUMIFS('Ledger cells'!$G:$G,'Ledger cells'!$A:$A,$A7,'Ledger cells'!$B:$B,$B7,'Ledger cells'!$C:$C,$C7,'Ledger cells'!$D:$D,$D7) | G7: =E7-F7 | H7: =IF(E7=0,"",F7/E7)
A8: aliyun | B8: functional-fault | C8: fault-r3 | D8: playwright | E8: =SUMIFS('Ledger cells'!$F:$F,'Ledger cells'!$A:$A,$A8,'Ledger cells'!$B:$B,$B8,'Ledger cells'!$C:$C,$C8,'Ledger cells'!$D:$D,$D8) | F8: =SUMIFS('Ledger cells'!$G:$G,'Ledger cells'!$A:$A,$A8,'Ledger cells'!$B:$B,$B8,'Ledger cells'!$C:$C,$C8,'Ledger cells'!$D:$D,$D8) | G8: =E8-F8 | H8: =IF(E8=0,"",F8/E8)
A9: aliyun | B9: functional-fault | C9: fault-r3 | D9: visual | E9: =SUMIFS('Ledger cells'!$F:$F,'Ledger cells'!$A:$A,$A9,'Ledger cells'!$B:$B,$B9,'Ledger cells'!$C:$C,$C9,'Ledger cells'!$D:$D,$D9) | F9: =SUMIFS('Ledger cells'!$G:$G,'Ledger cells'!$A:$A,$A9,'Ledger cells'!$B:$B,$B9,'Ledger cells'!$C:$C,$C9,'Ledger cells'!$D:$D,$D9) | G9: =E9-F9 | H9: =IF(E9=0,"",F9/E9)
A10: aliyun | B10: functional-fault | C10: fault-r3 | D10: hybrid | E10: =SUMIFS('Ledger cells'!$F:$F,'Ledger cells'!$A:$A,$A10,'Ledger cells'!$B:$B,$B10,'Ledger cells'!$C:$C,$C10,'Ledger cells'!$D:$D,$D10) | F10: =SUMIFS('Ledger cells'!$G:$G,'Ledger cells'!$A:$A,$A10,'Ledger cells'!$B:$B,$B10,'Ledger cells'!$C:$C,$C10,'Ledger cells'!$D:$D,$D10) | G10: =E10-F10 | H10: =IF(E10=0,"",F10/E10)
A11: aliyun | B11: functional-fault | C11: fault-r4 | D11: playwright | E11: =SUMIFS('Ledger cells'!$F:$F,'Ledger cells'!$A:$A,$A11,'Ledger cells'!$B:$B,$B11,'Ledger cells'!$C:$C,$C11,'Ledger cells'!$D:$D,$D11) | F11: =SUMIFS('Ledger cells'!$G:$G,'Ledger cells'!$A:$A,$A11,'Ledger cells'!$B:$B,$B11,'Ledger cells'!$C:$C,$C11,'Ledger cells'!$D:$D,$D11) | G11: =E11-F11 | H11: =IF(E11=0,"",F11/E11)
A12: aliyun | B12: functional-fault | C12: fault-r4 | D12: visual | E12: =SUMIFS('Ledger cells'!$F:$F,'Ledger cells'!$A:$A,$A12,'Ledger cells'!$B:$B,$B12,'Ledger cells'!$C:$C,$C12,'Ledger cells'!$D:$D,$D12) | F12: =SUMIFS('Ledger cells'!$G:$G,'Ledger cells'!$A:$A,$A12,'Ledger cells'!$B:$B,$B12,'Ledger cells'!$C:$C,$C12,'Ledger cells'!$D:$D,$D12) | G12: =E12-F12 | H12: =IF(E12=0,"",F12/E12)
A13: aliyun | B13: functional-fault | C13: fault-r4 | D13: hybrid | E13: =SUMIFS('Ledger cells'!$F:$F,'Ledger cells'!$A:$A,$A13,'Ledger cells'!$B:$B,$B13,'Ledger cells'!$C:$C,$C13,'Ledger cells'!$D:$D,$D13) | F13: =SUMIFS('Ledger cells'!$G:$G,'Ledger cells'!$A:$A,$A13,'Ledger cells'!$B:$B,$B13,'Ledger cells'!$C:$C,$C13,'Ledger cells'!$D:$D,$D13) | G13: =E13-F13 | H13: =IF(E13=0,"",F13/E13)
... A34: deepseek | B34: ui-evolution | C34: evolution-r3 | D34: hybrid | E34: =SUMIFS('Ledger cells'!$F:$F,'Ledger cells'!$A:$A,$A34,'Ledger cells'!$B:$B,$B34,'Ledger cells'!$C:$C,$C34,'Ledger cells'!$D:$D,$D34) | F34: =SUMIFS('Ledger cells'!$G:$G,'Ledger cells'!$A:$A,$A34,'Ledger cells'!$B:$B,$B34,'Ledger cells'!$C:$C,$C34,'Ledger cells'!$D:$D,$D34) | G34: =E34-F34 | H34: =IF(E34=0,"",F34/E34)
D35: ALL | E35: =SUM(E2:E34) | F35: =SUM(F2:F34) | G35: =E35-F35 | H35: =IF(E35=0,"",F35/E35)

Sheet Notes
A1: PSS-WebTest framework and experiment audit - generated 2026-09-12
A3: Evidence boundary: framework rows are engineering status; ledger rows are admission/pilot evidence.
A4: No record here is confirmatory. Provider strata and framework tracks are never pooled.
A6: Framework defects: P0 = blocks scientific validity, P1 = correctness/reproducibility risk, P2 = quality.
A7: Open rows are shaded. Full narrative: results/phase2/2026-09-12-framework-engineering-audit.md
A9: Track collapse: upstream latest equals the frozen version for browser-use (0.13.10) and agentlab (0.4.2),
A10: so only Stagehand has a genuine second track (3.0.8 vs 4.1.0). Collapsed rows are not strata.
A11: Stagehand 4.1.0 no longer exports LLMClient, so the latest track is adapter-incompatible.
A13: Ledger reading: the functional-fault condition is the only discriminating condition; clean and evolution
A14: are at ceiling. Run tags are separate blocks and must not be pooled (fault-r3 is the retained misaligned block).
A16: Aggregates on 'Stratified summary' are SUMIFS formulas over 'Ledger cells'.
